"HolderAddress","Balance","PendingBalanceUpdate"
"0x0000000000000000000000000000000000000000","6466586.69782737","No"
"0x000000000000084e91743124a982076c59f10084","1E-09","No"
"0x00000000dc0e59517a8114348d9130e7d3835832","1E-09","No"
"0x001f20ee6f716a5597049e29047939187c712eaf","707.835687177","No"
"0x007376ef4b1409fd5ccc558bf1ba07293e813f7a","683.416663735","No"
"0x0178a929e24b3caea0f05ab4d20f611419177ed3","60241.178864597","No"
"0x01cb883da543bd8409a9984463b8ab3ae3d2ecd4","48674.275727604","No"
"0x01e1cab6974e0835b62f51756cd24db86984efb8","161.94093459","No"
"0x01ed60bf9086d1c7f84a9f42a88d00927b855629","392.52672995","No"
"0x01ee1e7f169b683976423e23dd9f7f87b428c924","0.000388306","No"
"0x01fff100b67ad851f787d22cd653b7f33288269f","0.127762812","No"
"0x024eb9dfdf404cf389487733d785cd9c8baeff8a","463.935041727","No"
"0x02da3f614f7b6235da576a294a997a494c3c3828","0.002028472","No"
"0x040ec2cda7755524720d021ae0d014904ecbb207","0.00017251","No"
"0x04308d226740631a6e426368c31f829c53a25211","291.840023402","No"
"0x0443990c4f81c3ae2ef88ce57394108385a274f7","144.555024572","No"
"0x04535a3fba42530698eccf83413fc9b237fad957","2210.327620624","No"
"0x048db1a781fa18daffc28200c3b1f396bfb2ab37","8940.818184141","No"
"0x04c872504d8bac012ed6e4f6ccc8f5042e84ee17","46.813632338","No"
"0x04dc9780c466a3587de9d1bad3991d3468c3d332","3583.398671719","No"
"0x04f6ad84ca1dcfaedc91815aaed7521153d53979","7884.378637998","No"
"0x05b0319c6f3aa8a895ca30b5eeb29657c1285983","0.012349721","No"
"0x0608491085e3f55e529a6215f48a277ef2acd631","92311.756491976","No"
"0x0618ff3d11ff4c92a1e465a57ad1265284a492e9","802.403154815","No"
"0x067ebd37dd83805dbf24cd1c44550825e06cc0d1","514.265700729","No"
"0x06c2af720b98a501ea7f18b061aa849c09b28b6e","2363.080494634","No"
"0x06e0b4e293cf4964169baf881cd21915fadd748f","3513.48857942","No"
"0x0729d1cc016cd1b5a33eab274195c6b93cf21e16","0.001706368","No"
"0x07b40f7bd3407c8f49500c441169c97981afabd9","749.947998905","No"
"0x0840661851621257a87803f1a1c76f290fbcb565","931.546920462","No"
"0x0902cef863ed1f6a3709e7b1cbef93b6819415bf","31458.722776004","No"
"0x09046ec8eacd29c9e65a1ea2bbee49ca21ca5a46","97.280007356","No"
"0x096a1f66828539858aa51e538728a956fee2c094","972.800260032","No"
"0x0996a14319aadb362faad78f94a535745def1fe0","0.00473402","No"
"0x0aa77cbbffa3b567fc5b67b5fccde7cdc79d1b1a","6192.276824304","No"
"0x0af033752b157b7ccfd0cb94e12b1f636a7e668a","32791.112451581","No"
"0x0af25a2663c8f662597ada6bd4c1ccee1d47d83d","0.021282394","No"
"0x0b0409a70a279dba59f07ebe4345aafc9c64154a","0.005204049","No"
"0x0bcd59f8deb55e80dcc988c427212fefe6ae0a1b","0.002295276","No"
"0x0ca93a852c78d94ca1c2a88a4871e0aa8cd997c3","1819.627769331","No"
"0x0cac9c3d7196f5bbd76fadcd771fb69b772c0f9d","56158.262492725","No"
"0x0cbdd0117ab036170e6f449c7019b543a04879c3","295.777642632","No"
"0x0d0542840f0a831ab16cc71932001617d6d88588","37815.877300298","No"
"0x0d2c20d369c745b5e5da72bc1921fa4e59f7f6e3","3598.043744892","No"
"0x0d60f02f0004f8ba0a747164873fd588c56c0e19","154.831706013","No"
"0x0ea83ae45012328d08e5782a9ac5288305a5e514","0.000248827","No"
"0x0fd73ea2391d2ee5806a15a22e67d583a403409b","1398.141116371","No"
"0x0fdb6cbf800a71d7c6ebfce67c069c5c64121ff4","0.02749409","No"
"0x0ff6885d39d5aa644807f870fe7cab11d9efb7a0","2087.300016711","No"
"0x1013a96f5b295a64749e51a3b897c60bc5bb30bf","7071.231032689","No"
"0x10badfeff12424193cd322a2ffcfa283426c0512","964.2089454","No"
"0x114264f458ac93c7833fe5f4733829965fc0899b","0.001913642","No"
"0x116a0bd45575719711804276b6d92226017d37b9","0.060393846","No"
"0x119e175146020f51dcb4b56336b422925655e972","53.515009933","No"
"0x11b1785d9ac81480c03210e89f1508c8c115888e","860.769325934","No"
"0x11e00180f01a0a002ce4d928a7f93f56c27d6016","1659.105224812","No"
"0x11ef687cfeb2e353670479f2dcc76af2bc6b3935","486.500367715","No"
"0x121dbd0b49d9760e3f2a8a91794ddfa4f0d1a35c","4865.024068264","No"
"0x12292143b2eafda2470a14c60361c57f78d8afaf","797.861253424","No"
"0x1254831edf905e4e0224e90181e87dce6b8bcba0","203.341574882","No"
"0x12a816b47f531f5640a4ecdc569a081ffb527ad8","0.002244665","No"
"0x12d0b1ae5c8d7daea20182a072b2212cedb95952","4116.234181505","No"
"0x12f90e39993f2165f1ead67a10c54ddd452dac64","0.012973241","No"
"0x1317f65f9d787ce649450e4f57e251a3588c4593","3063.010719095","No"
"0x1337ab726c00539a6c5bbeed7314462fa5720b21","3404.830885684","No"
"0x13b33247d118bf5ac2ea46dc3ce5ad15a854d923","526.701551538","No"
"0x13b3a50f3947476eda74fe191344524e2d2d28e5","9282.908341486","No"
"0x1432c90c3b951ac8410d05843831dab49fd766fc","5.8961E-05","No"
"0x14c2a505a677f48742c271d8e772763852e84b16","2376.326942653","No"
"0x14cab1a7b5fe7a2473a2dd82de32e4c94cbae63e","38615.714129105","No"
"0x14d7426997a2c5ac609906a964b4afdc6275652b","612.992882991","No"
"0x14f4785e5f8738eb589eb0bf9edc6a5f86755944","165.43834277","No"
"0x156fe1286b7d94420dd99a257c8ee09cde8c0176","25534.092605688","No"
"0x15caac6fd6517a6e1deb8a888b53299418b07454","2042.179587536","No"
"0x15e476621a3d8e9d21d98f8d44654bcce97102d7","1773.661713021","No"
"0x16b3c5fe75b40d969a3761c183d6c136e7b6158b","0.000851378","No"
"0x16c82c25a72a0885308bedb07e496f51c2978d69","2083.693994251","No"
"0x1772ff2efff8b0b8e1e51d30fa972201c01dd466","0.071292785","No"
"0x183281aea9071fdc274742a4ad7cd02e3e41a8b5","3940.021228746","No"
"0x186c20652a42ec20a9d9bf8937a91addbb01b911","0.000933691","No"
"0x18a2bceb4871a3b07234063fe82753e9e1684161","77.761916952","No"
"0x18c34172dce897449511f456816ce219c16b3418","914.436612942","No"
"0x1965bf52d4f8f886e891be0d91324c729cf199e5","33195.776897885","No"
"0x1986c279a33cc7088303c2bc364641a3f72fd6cb","247.6804268","No"
"0x199c92538e4946451c2b2bca3c0f5722e008615f","5665.3223285","No"
"0x19eba7ec8ddcccf1882f18b3246d51e8aa522920","164.81103503","No"
"0x1a8dcb3775aa442b8815e5aeaae138cca522631a","0.003956354","No"
"0x1b63ca27c1911d89e6db6ad8049e49d2ebd042d9","1680","No"
"0x1b739d7d7833e1b657a1719acf5776b7664e89bb","0.001032538","No"
"0x1c04a294bd2fdaf52f29d3da100308e8e85816a6","142.020191038","No"
"0x1c22f1b075d202bff2f25afba758ada69516b659","2998.793527711","No"
"0x1c5cba7f39e942c03f8b09533bd8d5028698437c","0.003495453","No"
"0x1c5f7635a4a302d72e652486907051f84cd55005","678.370786231","No"
"0x1ca48a32482ef29708e95f248e8a613f05782ed3","12632.597319212","No"
"0x1cbefae3e2bc352ce595769f833c6f67048a1054","4.823508861","No"
"0x1d55671dfe2d326107f2eca86a680a7449c5276e","237.166817003","No"
"0x1d7947ab841c6f68b27eb1ad0848ea79457e465d","4557.214365919","No"
"0x1d8e3d2df6720f636e32b86f426250705f273d79","21000.243381821","No"
"0x1e022fe7ec25d21d2af2aa17f7275abd6b22a438","583.680093611","No"
"0x1e1f00c4e4a9e7947439547e94fd59bc1c393774","14395.971166095","No"
"0x1f09f3157e0d88b877c68de480e8158e4ce33cb4","22789.890430641","No"
"0x1f34550a04b0353e8f4d0fa075d65eeaea388a71","1702.751629721","No"
"0x1f5c8c922b89c524944ea488881d7b75352c1fd5","1029.269135054","No"
"0x20314472378e8d96899bba5681604de121130324","888.684627203","No"
"0x20da92e7d88eb154e7efa1216ef728c45e65d7ac","18761.694032791","No"
"0x20e0e86d92cc1a6ab6aa3c1b7b28760477a8d29b","1572.552118522","No"
"0x215b6f762c17c2d08ede387650e045e134a15f57","0.261420271","No"
"0x217bc9ebd4027d6c135ddfd85d518857679aa8a2","376.607144011","No"
"0x218f53fdf2f3831d23eb1caf6d1096edc161c77f","0.006722221","No"
"0x224364ca7d204bfcc85f3e2dbf1efa170389c7cf","8505.313903633","No"
"0x23324ed44904260fe555b18e5ba95c6030b9227d","24955.683289965","No"
"0x237af3c5fd488269f0812409a4b111c922e7ee88","0.000413776","No"
"0x23ab1dd0171ea56ad5631f1446ed147c23fa8860","0.098016423","No"
"0x23cd6833ba8f6032e696b07731aca4d67986bf2a","0.001671858","No"
"0x244ffd3d489706775ddc55b40a5ea2018deee0c8","1231.040607635","No"
"0x2591e2aaae60994181c877aed923cd70330557dd","48.650004004","No"
"0x25dbeb6565778b8570f8936165370348f16e7e88","1691.397792077","No"
"0x25fde884481597170e21ceba0e2046590ca6b312","48.59840099","No"
"0x269d9c63a987ef931cffff1080927e7df3d3a9dc","2.402157865","No"
"0x2721f53958f0eb3dde0bdba137e4357cc061ba8e","3395.082228558","No"
"0x2731de8b5d5d88ddcfe8057b639cb71e5f6f9b2b","84385.65124794","No"
"0x28b37d7f235fe68cf073beb87e78978bc38eecba","535.150160976","No"
"0x29477a93e19f6c0469cb90bfd96123c6646ab443","8563.965410657","No"
"0x294803520a1e7b671c105c8a3d94836f40b2b557","1782.358863656","No"
"0x297da3d7a7cd85f4269af5b799726ca971a06445","2481.744205335","No"
"0x2a1153f6f840b1dc012851e30f40040ab101c2d9","2244.860257142","No"
"0x2a3c38278133bc9bd21d45f7974b9fc73b6412ef","0.297916211","No"
"0x2a469296c6d10a6496bf145853933a73913eae32","2880.897554801","No"
"0x2a6c2299496c90379b754db23537fc073f1bb70e","109.549142382","No"
"0x2ab822310dc5726ebf17dcfa0b91a3b3adc8d1ff","181.977034381","No"
"0x2b0131b17e5ad71e9c85a36ceb688848b023ed60","0.074012583","No"
"0x2b024481fdd624929e5cef8c99c6aadb010d3f85","0.002346636","No"
"0x2b4e8b66df5a557fce7fa528e1a58064aa0b37df","12524.747916646","No"
"0x2b92d12d8cc0b9af862451393925092c6c21a611","551.63072689","No"
"0x2b99842c8f402d8196823dd77be140de0f421169","1.217428451","No"
"0x2bb83c17807f14ed351b3d0f30d2069b44067c9b","2459.133870989","No"
"0x2c50136ddecadc127a747f6f41ed1d0a57b0b8b3","1780.453847593","No"
"0x2c8103130fa24fc35540de33db777f6895fa228d","3691.411477022","No"
"0x2cb3ffa9c8880e3ebd3ff98654e2c0686c4de4b7","1041.112602182","No"
"0x2d15e924a8f226d71c6032eeb763831a8c7b1e71","0.054781289","No"
"0x2d82a31458a8dccf68d47b47c43732b6b02398e5","752.269447025","No"
"0x2dcb3b2f61095860d6309af9f7dff95f5261982b","0.70475984","No"
"0x2df367bab7706799bbd215e5a68c9ac7a5da7ad2","0.000781173","No"
"0x2df3b7c84410e3b840dcc7ac43e9e85b4a9736a3","0.006359642","No"
"0x2e4acd4d8051b9d4febdad7e2182f6a1fc4b16e2","205230.547464272","No"
"0x2eb6e4035941e1bff2b880b263659ef95c41f39b","2026.977304527","No"
"0x2ebe7fc13ae73d0b1ca761484044ac36030e9769","0.035967809","No"
"0x2f07588468acf47942e70e25d978f677989f0408","1.163826374","No"
"0x2f139371f5d7ceeb0b83df17086c6fe44132058d","3742.576875181","No"
"0x2f5947a91da9dfcf6cc2e5a2a60ae087a540c3d2","4005.507055316","No"
"0x2f605a73133e7f27d30b176de378f0d24638a137","0.002664435","No"
"0x2ffb0ef286951e58e392f81e3cbdc769eb3ea30d","3591.703300106","No"
"0x3056bd9ab17c58129455fd0d646b28108c3e1aa7","0.000632221","No"
"0x306419197534cc5bd4ee7693c716096a1486a071","12289.496003236","No"
"0x3064984e7d4a98697d74ab11b8c8bb56f22cdc87","0.007735653","No"
"0x306517609fa36731af2ac4fb422f9ae89421ddbb","3389.890025026","No"
"0x308c6bd52a247e367e315f081b9866ee62150eb2","6521.915150068","No"
"0x308d8ab4da3422764b1892fe19c4e95b54d65a19","9788.822262644","No"
"0x31249dfd269497cc77a95f804a6ae6da6cfa7b3c","1.614511555","No"
"0x31b936c6f2bda6add4c7b6435b05769f6b69295d","0.32602653","No"
"0x320408feb1e086b1fbd27c598a735699ea10bd9a","0.015218646","No"
"0x324151fd0be17516708ad9e9156dbd0409d6861c","333.181696146","No"
"0x331267b9b0bdeaf14fa8f1fa96558f5680e84986","11187.234389385","No"
"0x333c2286deb06ea4467350cb3dc3dd39a668181a","0.004430903","No"
"0x33683ffabed9c73cf44a3edbf2e72bb53466d12d","0.007671258","No"
"0x33b74799a4ddfd155498d1e531f74d9541e0123b","1945.658088551","No"
"0x33c92751c26b73f2d90e18465e9bf6e51cbbb14f","710.390116666","No"
"0x33da71b6849fa95425a0054139e0b892e3458bcf","0.000104551","No"
"0x34113d7a4472234d91588448db8e255bc28c25c2","0.009893055","No"
"0x34d9c93d89bcd348da8dd5f243d5403aa5eec75f","363.461229636","No"
"0x34dc37c5ad0bf60ee11fb818384851fe8638e12b","3370.212075079","No"
"0x354613958683646ca01fc2398dbf70490b337d46","6041.27337681","No"
"0x355c1cf73c2c1d0193b0dac92863d5f254a3e83d","389.16175369","No"
"0x358462f384fdf46bb4632a8814d68278439624d6","0.066891752","No"
"0x358b807d67000c19fc901e82f178286698701317","973.000532153","No"
"0x35a1be7e44ae96034b5b7726a27131ba31bb7f41","4009.822903882","No"
"0x362eccdadc0260f30f90dbe18417ed756b3589c0","0.003065555","No"
"0x36633aefb6f649341bd24bd6a6966d3fc30e505b","1751.401724178","No"
"0x36734fad014e5c1a692aaec76c19ea0cd90dff49","0.783355205","No"
"0x368a2d5cd67bb2c4c742d9482aa09f3126aa0f52","68683.18303453","No"
"0x370b05b98494ce96f3e6fdde317401dcd245b230","0.002726115","No"
"0x3733293e26ab115cf1f9508795bb5d89c8c61510","524.578150519","No"
"0x3740c412f538782e4537090c48db038e491932d4","0.029581886","No"
"0x37a48def40a6e4b98c0e5975336883825bcdd170","1946.002128615","No"
"0x382927ef5b024ac58c3f304125bfb51ef93c624a","311.296026627","No"
"0x38400b6bbd2b19d7b4a4c3559bcbb0fe1ef45ec3","7022.876360294","No"
"0x3889931763a3852644caacbec22ad3e18a8577c3","449.444749349","No"
"0x389e30302a6dff422a3bcd713a1c98f5d0f6ef5f","0.013365528","No"
"0x38fffdcab90891d776342272b6e33b8cafecac3d","888.345957717","No"
"0x3906b3ab3add00af4c885900c3a3b70a2b447e4c","21077.454766693","No"
"0x3a45468c2b85a969ab3999f9b286da9bab226709","37565.451863114","No"
"0x3a481cf698982507f8613a7af763a93382ee4910","367.029368658","No"
"0x3b1071cf48e0a0001669db554a07cbae94b77f20","0.01672658","No"
"0x3b6ecdc2cc758aaddb5ff2fe46836d6523af3a52","77.824001664","No"
"0x3bf51adca12b11f24aec6a9479bfdf5053dac12c","27206.499202478","No"
"0x3c1373b1f4667fc6350379a40fa5e4b663494fed","0.316475024","No"
"0x3c42c9df2bb1bb114f404ae16fdad203b48f4199","4409.468306496","No"
"0x3cd19fce3d523de31aa319ee3723dd5499e38879","995.409870184","No"
"0x3d27da3baee6ea47df217b96f00f4ecc56a6c379","0.01721808","No"
"0x3d6cac9a1c59c253befeb896caf2df1f22a08171","0.000461128","No"
"0x3d786d5444eb16da8ebd165ef3135b708f2c0822","0.298306958","No"
"0x3d87d2f3fafea9d592c6658a68fd57ae44316b9a","9.467804512","No"
"0x3db416f4bc5e8f447b346044a72512de7f4af4d7","909.284947023","No"
"0x3dccd3bd797061cadffab6f195123e590628d560","81.30260862","No"
"0x3e278557e4e47815aa25de5d83e264e34b977b4c","0.115552109","No"
"0x3e7e73edd631c9f7f41c269e14645b455835928d","47.238464523","No"
"0x3edf02f29bbf09995d548458c4bb7b0e389ebfb2","0.003610168","No"
"0x3f310f4942c28ec0b0d1f5e9f10faef5801bc3e6","0.000999071","No"
"0x3f47ae21d98d623957bb60551b0d504bab04623d","0.001210047","No"
"0x3f4c81bb05e8056ad609091f3e4821e0df8cbf05","0.383148397","No"
"0x3f6284cd9d7c99cbee729459704474154ef205d0","7455.060341178","No"
"0x3f657f09ccdc1477c387e9a220d9356925147ff5","2099.456273267","No"
"0x408b8ce4fe17305724c20398a1c912e92236cd3f","0.065029983","No"
"0x40aea19309a630db8c15ca278d9d40d4b32a3d28","10002.061421286","No"
"0x410a6c7d7e4bdf6b6e8a63614c8ff30bb24fd72d","232.643389971","No"
"0x410a81d6bdc93393c9c535b3f366f361845830c8","319.315573707","No"
"0x410aad3500134445514e92a83dea68cc8b47e005","7231.396182404","No"
"0x4110eaea3238a43ae51f008605f3b374e5c51ebf","0.055231428","No"
"0x419cf603c2564fd654babff8e7f7d09e105ec0fd","384.46065937","No"
"0x41ebc76db2ab4d15741d65ccacf96c3b0e51fa93","223.79008474","No"
"0x4202c5aa18c934b96bc4aedb3da4593c44076618","0.394661467","No"
"0x426d38e322fdded7031284f07caaa7d6dab83aee","1775.604483573","No"
"0x4297e08ee25a9eed190d4840c490bbf2332f22b0","0.007028843","No"
"0x429a635ed4daf9529c07d5406d466b349ec34361","2644.290232691","No"
"0x42eaf8b6bbeac348908d7781a4b0ba1787fca1e4","200005.664813743","No"
"0x4307e28901f2c8010bf257f14ff5526d9c0e0ebc","47555.231464023","No"
"0x431609225691b672a6570ac6db32d885cc40f0ba","468.555407534","No"
"0x432be6f0b96871857a4de5d95f94b1a7a8a94474","4326.311978904","No"
"0x432ff5cca84d98ebe68e85416b9a42dc5dd9fc23","86611.234201814","No"
"0x436b72cd2bc5812b8d9e6e5bd450613f7e2cb70b","2854.754138178","No"
"0x438abb8db93d6842dad49dbd45c25ea3f9363c4c","291.901703093","No"
"0x43ca65e6ce1844815b868438ec417186922d8a35","525.420298857","No"
"0x43de5df2fe637bd8fb149490d39aaf21c311d5a7","19600.86382324","No"
"0x442747e725d0e1d1fe46c3635f8e01253b6d1ec7","48630.148902107","No"
"0x448749280160d2126053330fa7a18f893943c455","0.208064698","No"
"0x454bb0ce73196c9e247d38b2effc487a631046b3","0.005115164","No"
"0x459b3edb577cb0b25c6c9ae94510900b4a008931","0.078448524","No"
"0x45aee0c2d6cf993d532c55a60a5cf2833e7cd97a","0.023969224","No"
"0x45bc508822a92ba95a1371c743f785c574920069","20001.184176397","No"
"0x45e294132f31fe2060e2a1266a89a4596e9a19d9","0.092431686","No"
"0x45f21b16088c13a58f930d0cc778470bf2c357b9","0.175446229","No"
"0x46917890a173a6c119f172aac9bf65a2e9a2e6a7","432.371907114","No"
"0x46ef376984edc12bdb7183022230b3e4f0964ab2","0.000793471","No"
"0x470c4462c67a3fab03901b81c0b96909f8330ca6","0.261343486","No"
"0x47333aeede1e13a244fd2f89be6687773926a7ef","3.8355E-05","No"
"0x477bbc7072acc0549292920b9a7608c9e7b35183","351.14080113","No"
"0x4784703ce45fa56f22b34d671f62d8a3ed3c4cc4","2.353895623","No"
"0x486a57e2ee35c71dd83e6236f5c82ceef36b65b1","1202.313130482","No"
"0x4887e82d029dc835b6ce43a6cf4602b9493fb508","100287.185692819","No"
"0x48e5663138532ea3545d532628f1d481e515280d","0.063193887","No"
"0x4968ceacb2075680e652dd6717819bf300df1c6e","3892.008514472","No"
"0x496eaea9eb42d489001b0478fff5e4821869c4ee","0.011793274","No"
"0x497175a3372eb63d33741749af572a97cc0a5037","4770.135626837","No"
"0x4981ccf23069f4461e538c7f0e61dbb50315d76d","0.009932385","No"
"0x499ef7bf253ac266f990711ff900ac8bf8794dae","0.017036139","No"
"0x49a0ea542aa2864712e35e627f842b5e2239f0f9","10891.115297415","No"
"0x49fcf8f63764c0d5ea6697cadb6f9bfc7fe44196","7230.309581784","No"
"0x4afda543a1f3d084b8d832055fcadbb9a4bcd416","5809.404033995","No"
"0x4ba42b8811d5d50930a8be400dcbf6db3264799b","0.020815937","No"
"0x4bb0153dd40b1ff187c445d57c319a6076e78811","441.56299507","No"
"0x4bb7fba588b4254536de4316e8fb346bbe275ecb","4.489542144","No"
"0x4c25893dd19ebc94686a8745680457f69bcb2914","1554.341452232","No"
"0x4c509e5e15cf08e93cff1afb62f888b11e827e65","194.531791329","No"
"0x4c615ada1200e54ea81a4a85f263f1c94be73dad","1359.672612708","No"
"0x4c9c3626cf1828da7b58a50dc2f6aa2c4546609e","7250.838736783","No"
"0x4cac3601a89b22a1c8cb6078c6be9ea0abecc6dd","688.824912306","No"
"0x4ce96f9bf18a03bd9e5567540d73880e727ebe1d","0.240881718","No"
"0x4cef35f2ec6d8f7a8cd3fdd26291221435135e74","2999.917723288","No"
"0x4d088f393a5e5cd366d2250abf805ee144661757","0.073422543","No"
"0x4d4e8916d5a0e1a42059a43d37711da6aff03e2c","0.704197884","No"
"0x4d95ae656fd9dcebbff6d64e2a695fc7a6adc017","0.036625535","No"
"0x4de0b45ae609135b8c80010b962e67703e8375e8","340.550065188","No"
"0x4de35046cb74313b96378da3a4f2a5e08d5933d0","611443.445296804","No"
"0x4e00f511056608734d306f9ba663d4e5279b92aa","126.987212064","No"
"0x4e8988b327537c3b0cf2112b625eb4450a519503","0.001966874","No"
"0x4e9807c12860a3f4ac4c450330680a1d1946cb2b","3.688460791","No"
"0x4ec9d16360ed699f8a5c0dba7503d82cc8b8995c","1880.613522879","No"
"0x4f2659d0b580fcb8cb335c16ce11b568fb19cab1","17154.46992528","No"
"0x4f3c65b2897b07873ded8ac04ec9393a0c33109a","0.28457271","No"
"0x4f5b73e5e6552e4cd01025802dc893e20a91cf49","836.580687562","No"
"0x4f6c52b34387bf5aa3c32981b7502e72fe950890","1182.483103044","No"
"0x4f7dbfe731f151608ed4c83123a15a8ef1ecd41d","1020.421636815","No"
"0x4ff0282630ce465340eba9a7195154e520cc42eb","409.832483159","No"
"0x4ffeca8df2aee8c9927694b9bf80d53625a61dc5","1314.809216193","No"
"0x5085a7572cbb12b525c7c6faf8b835b8c167555e","3605.853196611","No"
"0x5091081516c8695dfa1bfde3d7b33480c2cb2fca","97.300005321","No"
"0x5094d6c030f20b095e3778bef5e7a57916039140","291.900889962","No"
"0x50bd80ee272ae00c39365fbc2385f2b4029dfc28","4200","No"
"0x50e4c59ed28f45948c9ddd99821772c9faa016d4","145.950137477","No"
"0x50fd12158601b8f785d8afcc1a44658fe44d310e","10411.036996152","No"
"0x51816e5fe17daf99adcacd2ca86900eb4cf13bac","48.650008209","No"
"0x5346c2eef0704d5ed9b20425c11d84e30bdb42a0","0.255625261","No"
"0x5378e749d3c7f7507bb6cd40d4b4a4e806e5af35","48521.007466243","No"
"0x53932fe0ed299bed5c2ed7cfbb3d95664a1622b2","0.000208027","No"
"0x53d5dec09f7f553b0667fc980d5a9d8c5a7f4b9d","1035.896646948","No"
"0x543081d731314714825888f4bf578eeeb06c417a","2100.840697852","No"
"0x543c05a066cf94276d156a6fb68cf02e2012cedd","0.006824028","No"
"0x54865276244ae9d655bcb2bb60033653886c757c","57.295462061","No"
"0x548d2cdf9cf28ce7e64f45546d3a9cbaa80ac0a0","0.004325193","No"
"0x549a0fece35b81be3100f745f212d607ef5394aa","2210.402827505","No"
"0x54ec07cd724c81b61abe2d4f5c7d9b3c665a8fef","3541.859618074","No"
"0x54f4c99a477fb2d8c9644b4085c3c0da740bee7e","4183.921745792","No"
"0x55823da5ff1502f95e2f3b2f0c725cf799f5477c","121.415151527","No"
"0x55b5d473e68dc083de5e253a1d473212bc91f936","1694.881376265","No"
"0x55fd84a5fbc06d4d4c97127b28a12f1db95ebe49","2255.723602452","No"
"0x5616e326662a3b9ba390e56754d89f2296251b89","32.324544966","No"
"0x56525132876ea6e89f2ab80fcfb822c1a364cd77","2919.020853305","No"
"0x56858525a6d67916e144b55742c5574577af2c8b","12384.07781323","No"
"0x56b0d4debfa7ebcdccf1c726d2e20d335c6b4db0","1390.796036501","No"
"0x56e96d10cdcfaf34316eeef5bdc8a582fb556d43","1459.502233055","No"
"0x5711abc38beb099f7324272c9302561e0a893011","516.980744369","No"
"0x5732093b6d96f595f1eaa48eabb308c924d71dae","0.000474792","No"
"0x57b4a5f470c85d4281f7baf5162b59243a3491df","0.090851811","No"
"0x57c1dd662ac0e58aa5e23e7150a7a8399090d6b5","882.659144274","No"
"0x58c51a03e9f82cae6cb67986b2b88d0f2e9b12f2","136.857118746","No"
"0x58c8ff99c94007674c19ced6c69aa202386fdcc6","1670.431475988","No"
"0x5902385d185ab3a38f2a0ca9b244979124962793","1.123674293","No"
"0x59e40fc2777dee91fbe4024dc3fe38a540eb3424","4724.231075067","No"
"0x5a0e3e3e735da182dc08822db6ad1122bb91bc1a","1925.9603887","No"
"0x5a2589b5d97e83396953c642c255d0dcc72473d6","1388.338936296","No"
"0x5b6244a700ec6d20dc9ac8ec3313cfdec1ef7954","0.081173739","No"
"0x5b9412e9c2207ef0f0d906a8516f6175273c6bd3","3379.396044064","No"
"0x5bf2e0015318fb5e84e76f577f00a8d086dca7fd","350.280766328","No"
"0x5c46deea1783f1d7e9579b963f2021ac1b5bfe7b","0.031775736","No"
"0x5cb8b89c9aa7a2fd99e0c36cf8583d503802291f","3.168129864","No"
"0x5cc57ef1f264e3b78bb4014409bed888b64c57d2","0.210837719","No"
"0x5e1225c1834989ce9633bb50b75048f0d5bf54a4","332.965134534","No"
"0x5e86cf01d2528d7c6e1a45b41fe1143f238f5f18","36631.537191694","No"
"0x5ec225fca8446938e4cb045b8a0b1394761e3456","266743.068987562","No"
"0x5ee0e896d0ead8c9348ba1726aad2f01b7b6fd3c","11104.109609233","No"
"0x5f9ba4c5b45ca8e953f923debd35ac97b46ed91b","0.001586059","No"
"0x5ffcef2e952209df9dae388b0621992b16cd1f3c","0.003205994","No"
"0x603dd7240d1a999144a013ff0d5aa870b8d719d2","24688.03751356","No"
"0x6091a224ec0e8bae16125603d179d9fce7aad641","0.016462043","No"
"0x60c0c1e04b4a6630e4c6ade9bba1fcf916a066b6","0.105671143","No"
"0x60e8b62c7da32ff62fcd4ab934b75d2d28fe7501","2.844493893","No"
"0x6180441027cc27f63d3d25c43618199839f3570e","0.101369957","No"
"0x61e54879cf26d7dd1a67ee7137b17a958386068e","647.285724978","No"
"0x61ef5e4491de8f2e2f2fa91ca82336c0e34b0c60","14366.893643578","No"
"0x622917f2935e9b7e9437b70362204274738497a7","2362.945645383","No"
"0x62d9b37f8b21fd1cf53808cddf82b3703657fba8","0.667247231","No"
"0x62eb03e21def739f6cadd5582b64a9ff1583fd82","86.129044182","No"
"0x6309c1c613b00c8656098fe41b9349491de0f923","1131.599719774","No"
"0x63e412701c548f59366ec87a178d9e35dd4dd869","999.655783014","No"
"0x6423a3dda806a05521646783e849f44179b6583a","1041.828822215","No"
"0x64463ec252493ca5e7ae083bf820568dec1ed1da","2574.213319131","No"
"0x648322963d6edf1977761918fb08e73ac44b4355","0.113189041","No"
"0x6576bc38727d502ff9ecb7cae0972f0709fad5e5","0.003746499","No"
"0x65f76b0b21a518e6a40b1a5bf61e03605a1104b7","0.001508554","No"
"0x665a6b80208a1f8eccb1ecb6d0271dde910c9ef1","0.22379","No"
"0x66e84d8c06d77ff7dd4fbdf8a05fa96aaf8e872c","28544.736540704","No"
"0x66f9fabbdf071765506f41cc02cd3e4f2258b025","145.92000585","No"
"0x67269dff88f3b7742fb7572800e1b66d16f0d6e2","3633.884035262","No"
"0x6735a7e5577d8c7c36ca7a9a2af7d09b8133450d","164.406096548","No"
"0x676ad7483786fbc7d8d3af7995075c8d7cc5e713","11065.687765158","No"
"0x67cfe66d856daed377b59439c3e55c80ebda7958","31222.111222422","No"
"0x682b928f75985634bb059c95881ca2105e0cc72d","0.003539153","No"
"0x68a46782db5d1a89d5c8dee08f2a20ae9c8319ce","394.916731757","No"
"0x68e48c7a395b5431bad9093b15558adc46d0fa7b","0.027598533","No"
"0x6962d791a0a6df1b9c8759d9751544c99a621f05","3124.154388017","No"
"0x6a5ac7a5990ee13bcf71a5be81f1a4822c3a3601","446.0607","No"
"0x6a8eeee36ceb102acc06e850b01d168ba7acad7a","0.018573683","No"
"0x6a936d26e64eae237d22defc0fcdab95a326b20f","0.028490648","No"
"0x6adbd5b6941624c66a23fa4a6e94dd31b83d0df2","486.500133038","No"
"0x6aea94e4d33185c008c65940d74074aee3a449d5","878.931202474","No"
"0x6c03bf00e9037c35c5b9dd56bb2069a1c8e76b65","3192.432948087","No"
"0x6c46489194bbc861723049b27ee563995b85bba1","4002.640056686","No"
"0x6cc87c563694ce0c9ecc525d9acab7e4e279903c","0.061318245","No"
"0x6cde6ae4bec6dbdcfb1196a24e3a828d591ea9a4","10000.124621252","No"
"0x6cf51fdef74d02296017a1129086ee9c3477dc01","0.007290544","No"
"0x6dd064d9de98c1e19045c3d674e336a6d3ac3a80","0.047892103","No"
"0x6e6d347d1ae6cb1a0edc2930d6fc12c2b9c10890","255.106518375","No"
"0x6ee4741bc0c4928f8d878ac7fe0421e35065ad1b","0.069407706","No"
"0x6f08cad1097e5b8d0106ef3cdc285ddc7295742c","0.002055112","No"
"0x7004409df6dea019d7a310877b5fc8263919ec7f","0.011315164","No"
"0x702132b5b394eda0e0903d6d0063959e4b33c17f","18133.76466947","No"
"0x7058e797b221c661521dd32a770ed13e08d15430","0.01000876","No"
"0x70d5083e67ec6ddc0d2c42a5a31a52e58c3527a7","0.001337633","No"
"0x717599848077f89e72268b0281dd0402affdbd40","0.623361078","No"
"0x7196d173d5b58084efba9b9c24495ca06ab93d97","0.636996615","No"
"0x719ef1e50d44dc2f9fb43978a613164be0275476","39887.323374468","No"
"0x724186d0c9acf65ba3335573b2c81d8c9ddab282","1061.780376442","No"
"0x72478dcaaa7fc87718505daf7cb530ae9612e53a","469.193693181","No"
"0x72c896a72249028be9e68646cec055593396a0f7","97.300005321","No"
"0x72ff32747231a81d1f8de01d8d9233fb4bf5679f","632.320109863","No"
"0x73050f3368bfc79fd57f7fae54dcb00cb9e68774","1349.359977062","No"
"0x7345e98d015b2f56435080d4158aead8c992b4c7","689.826482631","No"
"0x737821f44b1e845eda555d38da92b3a9c2e259d9","136.22004768","No"
"0x73c21803efb4d71049ab400d394c0738172fc2f0","448.625931383","No"
"0x7436a4cf2d4010c0da1e85c55c5cf9b58330c535","19.914814857","No"
"0x744516e427d4f04b0b177bae5b1b697ad1e4321d","0.000848349","No"
"0x74522852bfe0fca17ba4d0f16dea9f144abfc637","1967.761691203","No"
"0x74682fd002053e7b821c31a2f20333f1b9a6c4c7","3526.782429178","No"
"0x746ccc15729f314cd348c0f34df90ec3212e877d","0.559345885","No"
"0x746dff22206ce4e3da6d7eb4d537398be8f236d6","299.975711258","No"
"0x74734212d3b18ca3bf658f9ee713dc3b9ca16eae","361.990835242","No"
"0x74763966a8cadb3b839d1cee485b92e2c494286a","0.007859154","No"
"0x754c3c591dd4f3922cbdca43f0735f2efaf41541","45432.630251931","No"
"0x754dfc085680b3a6a57e3d9cfeaa9d7eec4febaf","0.281722009","No"
"0x75660e2c510bf6c81715c43681f7b6d87bbfed83","37.941483105","No"
"0x75d0130be818a4e5179e16e5c1237ab1e581997f","0.052081433","No"
"0x75f498bd58c7e9e4d61ccdd05e6a7b164f689e75","32843.825994458","No"
"0x762a62a9b2cfdc749616459f784606000c26bfee","230.171085445","No"
"0x7698369cfc1d804bd9048bf1778376d412ef464e","10192.669434416","No"
"0x76c975477046b139aa77d3dc12ec48dcb2f520b3","0.426623161","No"
"0x76cd53f519075e8e5fe3a5ccf2ff3218d3fa2578","3126.818093611","No"
"0x76cec83f41b8fd86312e33ddf683445ecd64e9ed","18762.25017716","No"
"0x76e399714e1d3467affa4f54c0bdeb240cbb640c","1895.957720523","No"
"0x771add5860f776dc6f1330585548f1bd5494f6ed","653939.396169923","No"
"0x7793f365fa1221f3e3c25bf7327f4bae1b8f4b08","12798.240156147","No"
"0x782ded21e314d25c67178f19d257fc3aca679071","119.675528061","No"
"0x7885811c1bf44f43e68624bf15df8c0b5155dc4d","4865.605160086","No"
"0x78e37187998bf8886e13c50252815f2571e4fc6e","4042.749438991","No"
"0x7961eade18c273f19b00eefce5648bbace837221","0.003733566","No"
"0x7995ac79aadb0f5e911e9c12582e2c81ac9b8d2d","0.015984989","No"
"0x79c75baae15ef527a81a094d9560f219fffd7b15","532.842845168","No"
"0x79f0a3f1601ea83098fd70bc46c947bb20ca9b34","0.017870562","No"
"0x79fb6079ab1469abd57dd46b93bbdf7bb78268da","0.001024631","No"
"0x79fe2c7e6a300aa6533cd5d53a02b6da335422be","1971.723783958","No"
"0x7a53ee0ef9fcaa68c2899d0deb854c3c50cfc45d","0.017439157","No"
"0x7a6917cdf7c0040a56889cda723e0eb038d2c70c","253.492358804","No"
"0x7a7892b3ef64abede8348684ba57a37fd7edc0d9","0.002775771","No"
"0x7ab072da007e929fe82706354b3202fb0686b176","0.285599897","No"
"0x7ab5748c6cdc315e1810649f78b380c84898c648","2119.884567227","No"
"0x7af67111eab60f4e21558c3550907a226e6a15d5","0.051195386","No"
"0x7af8f11d147fa22028a76d4a6acb6ce88625623a","2477.535333888","No"
"0x7b56d25a58967cbd896b96256c4adff0b64c503a","6454.379223915","No"
"0x7bb50c6cad51ac4c4a95414008b99c349311688b","83799.558005171","No"
"0x7c1ca89514b9de32dd0fe2730442c135216f01c7","194.600021286","No"
"0x7c6fb34113bbc472bf89795aa4a86abf09b64bdb","3677.157809002","No"
"0x7c9f691369f4f9e24ac0a816083df8b4f95d06ec","531.618698646","No"
"0x7cdfc314b89a851054a9acc324171bf8a31593e9","2.115138251","No"
"0x7cf83823181e484507058b26ac29bfda3d3492d4","97.300078819","No"
"0x7d9b3a68639cd6133ee69936f564f9f542d21f2c","3000.406799724","No"
"0x7e2439f2435cbc857142377d66a1825c37befa88","370.974702506","No"
"0x7e4e7be312d007c6f9d3246f0816accf99bcd880","333.85814123","No"
"0x7e62a0ed327d78623b2afa9821889bb7def9fb75","2627.687097024","No"
"0x7ee979907ad5df81c73614071e5ca55b6cc9f58e","1848.701921075","No"
"0x7f14b655bfb7a946fa61bb21be13d2c6e98a2f2a","0.00024885","No"
"0x803e9401b03f36f7ede8d2e4df5036decb8605d9","505.856070312","No"
"0x8043fc3fb4b6a3555630642bb714cc9b1236611c","4126.679717797","No"
"0x80f7fd02be8c944467ee292119624e0038a108d7","0.014488911","No"
"0x81c12c1880cc814f8b6659aa783aaac61ac42f09","2321.136485932","No"
"0x822cf63ebe25cf85fa139a80b3ded8418b5c830f","1654.101537924","No"
"0x82606677bf6043a3aa25a38e21a998563a00d3e7","0.021583016","No"
"0x829b41afa6414f7c15f470edffe80b919a07ba54","3.005293504","No"
"0x82ab72623b1e29942781df85bd6a49326a977333","145.950378122","No"
"0x82da7a2ee725185539cbd0a72c428b9b98bd350b","5907.875792986","No"
"0x83050d8a20dbbf320d0c0d9b74cea97a567715f1","19705.874895318","No"
"0x8330b5977c9d27d3e8e1df0cef33c6f68bc74b99","272.44004172","No"
"0x8336ed34430babbe3b0ebb34776c1f0ca6adb9a8","1674.974371019","No"
"0x837f2d3ceade9d40c8fc742299318ef3e7acb877","233.520030652","No"
"0x838fa017ee134d7345a9d04f3e99902296f01f03","11623.8031013","No"
"0x83c99bae963285b1f0a82a1c326fd84bea6438d7","6997.051932463","No"
"0x83fffee2c361bb18b780777cbff2e83d86b21393","0.708294155","No"
"0x84023510eeb4e745e52035ad42255a00a41e7f90","700.888536831","No"
"0x8421f08daef136e90c11d29c2c2857f9e4fc2b9e","0.001241073","No"
"0x84788c0144a1343756c776598f8a27b0ff3ad6d9","402.259449021","No"
"0x85298c52a43edf85cf5b49e9c1c6073121bb2b8d","336.044731068","No"
"0x8551a130d55ede76b6316f06c74b4f10637a0a6c","8518.40555931","No"
"0x8566bc043b12fd2fcad965d21122757a15ae1f73","17133.209381412","No"
"0x85893cc28f86c3138e1e3f888b16466e8accafc6","0.796908967","No"
"0x85d5c271b5f2eeaf0d72831a6116f02eb0d641fe","392.77631998","No"
"0x8611d7b429f12c8917cc17339f17bde7b4bfeb7a","0.023035154","No"
"0x8620b447cd4bd587e836478a6f51561a34c9479e","116.328202504","No"
"0x86c5458937e51407b0af86ebf5cf9305b0038a7e","4965.240579172","No"
"0x8736846d53dcbbab349db492bc013d4256e5c570","0.081738683","No"
"0x8771f57801460881da766acf80f7cc0d96d66dcd","114.201991556","No"
"0x87e5c08af59e06024b908a4ca273ca565e46154d","340.480031853","No"
"0x882e4a6aadc8c3c585017881f9c29f4db93707c8","110902.636825149","No"
"0x8836959fad0164bb1eaeb7055cb1ff08811e1c2a","1.1427E-05","No"
"0x88628e8fbcd04838955b2db1f485ea82ea62da89","0.001187527","No"
"0x891f6de563dd2fb47537aba975119d09196612aa","0.009433274","No"
"0x89bda64a7c2e60b4b3f62115de8aa0b9ad387d97","0.013869528","No"
"0x8a3267915820045ceb4a07ad6a93e25163562d41","4720.3583568","No"
"0x8a3f58faf492c7046f43519789b9c7d68a508e8b","0.070869107","No"
"0x8a5d999f5f34edd492f56f10c4ba62afaa432fe3","606.770534771","No"
"0x8a9984eb4c1441e92328976d3fb438e922996ce1","27935.645158813","No"
"0x8ad7262bd982a5cf233e0a3b0c585596900496b2","6762.575577852","No"
"0x8ae682dd3f7598faf229348ccf3d7bdb35e617f3","0.008372626","No"
"0x8bf895151c1460204bd439ac51061d6d4225813a","0.004812385","No"
"0x8c33ff6f46a69d6424ebb4f9e7c1227ef1b68687","15389.17449741","No"
"0x8c547c442a37fac5d0b8651f5ec0f40033d56383","0.002753344","No"
"0x8c578a78a0883659359291297dea5aa6f5ab048e","3018.944200627","No"
"0x8cb50c2ab3c9108ac5d5199c9397f26eb9642253","0.266422212","No"
"0x8d461de216e439e4e366813a8e80bb47a4b5c805","9338.925455348","No"
"0x8d61c148a41f67d3b4d19e1532b464121ef865c9","1146.555805698","No"
"0x8d7c363b25d885c5d0a5d079036df631dc343764","0.007777034","No"
"0x8d9598616bbeb080368b84ff6a6c93879dd63853","214.016012585","No"
"0x8e7121241fbbbcaad65ec2a3bb9bbecc0ef25371","241.926845544","No"
"0x8f5f266716a2bebbc5cd54b63852f831d2f75aee","177398.074573609","No"
"0x90216fc3da70944f5d7c735f6d974f2bd7f33038","451.725621176","No"
"0x903631aeefe4116225404931c80b447a029e6704","486.400065008","No"
"0x90574e06fb0418496cbd7b49f1295976798eb208","0.262645106","No"
"0x90681b9c5e7171d780fa049d96ebc5b7156dbb37","341.065381241","No"
"0x90d612d367265f49cfd663cc17310a4079864e8c","440.129952444","No"
"0x9155edc011c8345cb63a1fe2808c3b7177fc458b","2919.004789388","No"
"0x91724f30c6116ecbe1e86e2364c0e4e4af05f8bd","457.469311626","No"
"0x9175e0e8434cb6c5cc45a64f8a80f66ec81b47bf","9640.821641628","No"
"0x923916728aad471861b3eb53837d32134e35a477","0.000156693","No"
"0x92471331748a13c2cf437dd90073623b821cf91a","0.008856097","No"
"0x926c5be9a0c755584fef616fcd7d05fb791b05cd","0.011511806","No"
"0x92cb7cb41d370ed64442616d5c92b9192750438f","0.00101795","No"
"0x93beca36d5bcdc7be0f9ca38b1b5f5f5292aa859","47175.049082151","No"
"0x93f2e456d2400927c95fcbd1709aee18757b93ba","2266.587474122","No"
"0x93f5af632ce523286e033f0510e9b3c9710f4489","0.129874272","No"
"0x946a58054fadf84018ca798bddad14ebba0a042d","383.731347414","No"
"0x9489271ddf36255363f763155929ed080d09b756","4321.236542384","No"
"0x94bb2eb0c3baff96ccde4f6e64d038fda4285009","3197.19184066","No"
"0x951b6d50d07c39b0f97a7bb2f5c1e96f07a093d3","1.823255931","No"
"0x954957c811facfe062ce05b5b3a39264e153962a","5890.189383433","No"
"0x95823011a97ba73b4d34fffa4560694b51a259ee","0.014124076","No"
"0x95cd532ffa12b7a55cb5c9576b087d4526890728","5502.535856407","No"
"0x96169fbdd404dc7b02dfcafc6c19451ff80aaf34","136.27606678","No"
"0x969b4c148f459b3353a869531b5b5cc6c0fab3b4","0.002075068","No"
"0x96d7dc037d80ca70020ea69bfe1d67d7d94bedc2","0.197209655","No"
"0x96fc2cb2f70de678fb531405a13e66be468060bf","7143.371525322","No"
"0x96fee32553c5987ca8968a9253c68f3dc4007775","16833.191597272","No"
"0x970647072cb08d94d9098b3262018bf807b5d3da","946.494389057","No"
"0x97347ff80df2414107a668130f56ae9b0f7ec4e8","0.001767569","No"
"0x97aa4c1450fd768c269ec55df87e429922625947","0.001535712","No"
"0x97c261ae906694eff0d66b963e8b4097a0c50ab4","0.004999081","No"
"0x97ea12b4aad7a342783a919d94b9b1b55296d607","2844.478777726","No"
"0x9826f14289bbe7f3061506d366c5f48ff3947b2a","0.101810216","No"
"0x9835d6be917cf72dbf9b4ea74a2908afcf3b3986","3979.624270314","No"
"0x9875f9a44199b3c689c09b3bbc0908dbdcf8bbdb","4731.812201116","No"
"0x988cece1a783e62627cf2e95b7dcd46cd6217f15","12027.910999776","No"
"0x99506ec920451ae12c5edef671cebf44a93c19a5","6.6589E-05","No"
"0x9969cd947f2e8ba4f72a03ea2f96b66b8e7a91e6","294.299679706","No"
"0x99ebd661122bc036f3042352900cf6c1baa0e095","2035.163746999","No"
"0x9a69e4f3f8cf0e3ebe37236b2fe4be2c6004180f","141103.760318417","No"
"0x9a7e3ab341822949a439bd5feab5ee9766471cc1","0.005846856","No"
"0x9aa1652fb73a404a04e81d709d3d83254d6e143f","0.002355333","No"
"0x9aae3e16099da6b4d2ed50907ab8eea10af1e52f","1403.018433306","No"
"0x9ab339ba0a344804dc69e78e2b89edc6412c3252","160.833710836","No"
"0x9afe7d5b18ca238211f832bc3852f7082d5377ee","2236.377089182","No"
"0x9bd2893707a7b735f117c6f87f51687f4bbab406","973.000532153","No"
"0x9c5f4065c6bbc7ec398ef9898321c33564bc5c42","0.642273011","No"
"0x9c6b81b1ff412b40ace0968e06cafa45b266e487","5839.938845961","No"
"0x9c74f73310f52412d1762f9887961a34952777b8","0.007681661","No"
"0x9c9039635657a2b5e077dc758d51ea0bde15b38d","113.773319491","No"
"0x9e4a89e06a5fff84aa7d1f057945089b13dae209","4112.923461941","No"
"0x9e5434a1193efd56bf17bc56796158862b3c5206","0.003710542","No"
"0x9ec88ebd4ffafbea9ba53cfbb9c4ece028a69ccc","60590.284111539","No"
"0x9f23b64b6cc3c42ab496b508acb2db0e8f08bb67","1128.146912442","No"
"0x9fbe8f74e4ceeade72b7c72fee4d5f2b3a8f6c45","0.004850837","No"
"0x9fda8ad4b71b65e551e359037b2213c2d8b24030","223.175562435","No"
"0x9ffb857e3af210950c17a546988a5d8c5ce01fd6","0.000712438","No"
"0xa04a6f32bd61143139286ab29fb5e4d43800d8a0","1045.435887934","No"
"0xa0990e134ebfd80be25dba79011acffacfc95b4f","0.005983837","No"
"0xa0a4713d2fec8085d7968ad7dd909c4788bc1065","0.666609362","No"
"0xa0de32033a9b38f5dc7faa161dafce0bfa954ad4","353.665149732","No"
"0xa10bdca0a502f6b2d34519d6c595cc3460328c9a","15887.70699263","No"
"0xa1870f48fc2ea38bcca5eaa75feaebe6b3eadde6","811805.853903509","No"
"0xa20c07f94a127fd76e61fbea1019cce759225002","145.92000585","No"
"0xa245b0140b01aaad771983a732323a71ee2911fb","4526.136771278","No"
"0xa28602f18eb877b0b929caaae94faed4ff402929","0.004566937","No"
"0xa2bb8cd4677da353634591109c32bc95bad4f0f0","1810.383608073","No"
"0xa2caad63aae263212189d6df1d1211ce23c0d246","9699.339318158","No"
"0xa2f0e20e6d93e373806bac434752156ee155eed8","437.839321918","No"
"0xa33a8b1171941b4eb04a57605dccdeffd4860eb8","45085.031307133","No"
"0xa41f6fafcf1f36a6388f2406c93b589f588550f0","0.001215821","No"
"0xa4865e97187d4c6f1e3af0964c6fd6377ecf029e","2241.462830488","No"
"0xa50c0c43f66110888cdc9b15167421058ab681b0","0.000882917","No"
"0xa51145675daa39707a3476d7f26868220c7ac9d3","0.004545629","No"
"0xa512e549d68f15a9f23c1df98970e684301ac1e7","0.008427445","No"
"0xa5b7614129e4b5ad38d40beb185a9ea82ab5a59b","0.002588075","No"
"0xa5d0398caf862125d94314f0494662e857080680","0.080164746","No"
"0xa5eeab8a3d42fe28977fbe1f10fbf9f4efd00da3","6.5342E-05","No"
"0xa65ee7cf52f83420c9aa1d1bb6ebc29128dc0813","0.116420731","No"
"0xa661f3245551b0976874ca39ac115d4e32aae304","0.00883408","No"
"0xa6db85660c54d1e5158c56a6f3f061e71bc84439","973.001117523","No"
"0xa7423aa94eb3ba310c0e18f6e5fa376a6f8cc0f0","1938.153190828","No"
"0xa76643e2734d86f134b7bf8c4de1591b15e4cfce","0.000464272","No"
"0xa7e5a837382c4b2a484bd2afadc8b5a5f6d74e87","0.000159877","No"
"0xa86e29ad86d690f8b5a6a632cab8405d40a319fa","0.088175836","No"
"0xa88a54f58483a7b2be979e8beaaf7595a1f5575f","2413.672701548","No"
"0xa8bc86c11b8343103ebe2712b516a3fb87dadcf0","0.667506323","No"
"0xa97a856a4622e5a59b4bd0b61fde18c0076b3b51","371475.740387128","No"
"0xa9cf0d493afb4d28b2ebed1e37af3dcaaaec0211","38.518992545","No"
"0xaa025a3bc13c02c2df3aac9b0cbcaa6eb9c71b4a","16286.482742592","No"
"0xaa098d234af57d1f6c8e172e545b98381703d9cf","1489.740307548","No"
"0xaa1fad90c2ca1118c5052cfe2b91652d59f2bce9","243.200016252","No"
"0xaa3d85ad9d128dfecb55424085754f6dfa643eb1","0.112544206","No"
"0xaa6a92136973272a3a786f6eacdf99b6f1785b86","122.287946961","No"
"0xab7e73662a6f233c1cac5a0709012c21c93cb951","4.709277659","No"
"0xaba466cbf43c185171960e7033e05294c56e47a5","1185.731768024","No"
"0xac84e28aedb8d7a8186faf06d3cc9c328af9e1a3","955.998563723","No"
"0xacf9da14b9e25123791907f2c29f6137b29f1833","115.340660032","No"
"0xad0395bbdc94fdda0ee4060b8076c305f582d128","54000","No"
"0xad11879085e7909e75a65a44adfd5e6890f38459","0.015883563","No"
"0xad91f322155496acd890f5736bcfb0e4f59a306e","15583.203167844","No"
"0xada583f5bdb7e4da354b168b60b34c9b37d23d44","7980.159728537","No"
"0xadb59d4629208e8a55f4e82a92802266fddac053","0.000827542","No"
"0xaecdd83cc71456c21aa92bf78f31e0c4913bc845","344.848899437","No"
"0xaef83d3575c69bb3acf0fc79cd6ac42dcc674ec4","1666.317299598","No"
"0xafe2f334838bb438855a834488d30823fb56ac23","1812.535028585","No"
"0xaff0b7f81164045cc04db3b6e305e43bfdf0ec2c","0.218760874","No"
"0xaff1e3c15e0d278e00ebcc710e61aa59cb0f656e","75.388503303","No"
"0xb13cea39a360d03198d8031ae00bc3150bcf598b","204.05285635","No"
"0xb13d1ffa00bed4b4c837caf8130fdffef175adf1","26864.211767288","No"
"0xb1c2a97f0daa7adcd5eee963aa020afd10caa7f5","48907.200447022","No"
"0xb1f27b725fe19b6d577c0d70ecf209d41537760f","5650.866140783","No"
"0xb20bf581918ff405c78c8ddf3bde8ff59d6df7a4","149901.289387333","No"
"0xb2489ba5effd9289024a09cbd980e29b1eb7c944","487.288263469","No"
"0xb279179b24737a988bcbca28db2e7daff733dc66","0.000240702","No"
"0xb2a7c458048480209ea303442885fee1485f03fe","0.001169275","No"
"0xb2a86e3051bb321910cf4ee10251c22562d58b5d","3618.523974401","No"
"0xb324c53873d688189b4636d130108461941da7e7","973.881238738","No"
"0xb324d07f62b451aa857233db8fb90326b1fa0c52","828.61232685","No"
"0xb3308db65431a6dc3e6e0bb48af6b9f5ccc46647","0.011642841","No"
"0xb33f68fd9e83392f7d2fe729f622dbd2e77f660d","55563.928924812","No"
"0xb399e430361771abbe009185a66b4f83e362404f","16832.315514595","No"
"0xb40ea8b597a78d6c92fc360f7f32e4ac38068958","35156.494246285","No"
"0xb43fbb4a6e89b076cc45de8e789e634821a83d58","19846.8597448","No"
"0xb4402f4a754efdc5d1f08e434638e5d44ecd80b8","0.262343949","No"
"0xb48128f5cfd522930bdb9c52edda86f32b7191e6","583.680407986","No"
"0xb4e1d84ec6439d91b877e60a7218ede95dfe649b","0.103287349","No"
"0xb51705f73fb91110e070995f2681e0540b808a96","7790.270623844","No"
"0xb52bcdc4151be5ee73e932c1d5164585d27b5140","1652.451502205","No"
"0xb55b2a1f387c449c3763ed722f2f16c1405247f7","0.823088476","No"
"0xb592157cbca197999c71a8f286a8e2df37a829c0","8242.12282566","No"
"0xb5cdd02824a1f715cbfb0c26192f811ae3bf4d61","538.397285008","No"
"0xb60bfd02207823360263ed5886c9f3c240a05045","98807.405035053","No"
"0xb65fb2ed30ee8fb966a80f369f2f735bbe6a39fd","311.86592256","No"
"0xb661a000e670b585a48f48a6529b8c0bebf46e75","0.832983894","No"
"0xb6636b3c4d06f7f826aae9e0a1a1733d8da94c02","525.41068054","No"
"0xb6c750d22ce8ee01b67aab06e8610bacd5c1cbc6","2188.801316414","No"
"0xb6f84c4ad41c44053ce231ae42106de20b6deeb8","0.00020693","No"
"0xb6fe57291cf1671d908fdfa4589e65780be99f08","89106.5209226","No"
"0xb7d3364dc2f512d6abcb312178d6e5f0717f9e10","2242.681517752","No"
"0xb8170b5874ae2d9cebc95f942a973422779cf245","1552.796600696","No"
"0xb8478eb8ee470beca7839d3af2e923287d3a0f0a","97.300016018","No"
"0xb87f9e0868918e8bdac47bc83c5a6253d6e56623","0.061759286","No"
"0xb8998eab8628f11ea0d2089783dabaa6ac5bb79c","340.550065188","No"
"0xb94c4ac6e7d20cf611213b09f9adfa314aa21795","123199.44855614","No"
"0xb971f4fc2fd101b41b01630eb9ec15fbd7b320ca","563.051219345","No"
"0xb97a845a20f71e3a144cfd641d21a8e5884b94aa","2335.788043533","No"
"0xbaad99b680fe95933cd91a8ebdd2a34ed3284eec","563.740681903","No"
"0xbb46c6e4d8a59520fbb11638c2d1228cc65f5a6c","1139.00298112","No"
"0xbb5ae01caa960216948bee7bdd0407d0d5619ebd","0.071527167","No"
"0xbb80bd3dcd0a336d4918caf3b7f730e852a9fe4e","1686.81101087","No"
"0xbb85bc74ef98f26b4cae164516cf25629f2641eb","0.723751137","No"
"0xbbb209e1e31a621b0583c7a4abe6ad35bf9696d2","1157.249030399","No"
"0xbbb5d974b3c0496c72f62aff33268deb9bbecc02","4.543965923","No"
"0xbbed707c462b3db873dfd4f7984817311a65d516","4696.570249728","No"
"0xbc153e241723468beab0df86dea3a9c2ad211057","0.020140286","No"
"0xbc2b6b1b9885636cc32786e33b88e5a5a8aff428","2087.555917466","No"
"0xbcc2b92805f83965a7e933f9f4270f76d766084c","0.030368318","No"
"0xbdc377b14a9269656e4f0014cc4a3f80d1ee43e9","24852.056757585","No"
"0xbe540de910ba1f7d2c0963c00cc2731834edf86a","1754.622709506","No"
"0xbea645da9c7f6de1f7e287759ccbfd5ab9f57c08","24729.970573206","No"
"0xbed53d08bc1413520c4f593e0620c443cc3d874c","1370.288828694","No"
"0xbedcf07586c1f3fc392f53e597df106e5f508d6d","445.074400405","No"
"0xbf2b89dcc2e65fd91e91a3d49721a443abcd8f6a","28357.448447062","No"
"0xbf4be73500783811ac69b020a4ed6c1d87a5d6d7","9728.026003305","No"
"0xbf6b737de8c63c0b1edf5241a690af8c2a1e6d26","0.461407132","No"
"0xbfcf42d4b897dafebd3f4189757b9b122322b72d","3.7716E-05","No"
"0xc046569c149a9630c6ce1dadeaf5683b8554e087","2949.059541964","No"
"0xc08fbfbbf40c4e2aa65f61fd7b0aba2d9c4ff889","326213.356700753","No"
"0xc0ac56535c3104d2f2c8079c263b4b6ecb7bc286","3417.973327617","No"
"0xc0b5bfa0fa55665d63ddbb93a381b9a036fff96c","119.881930428","No"
"0xc0e797da188e78a77d62032e4a228921593ac568","2362.984538471","No"
"0xc0efbc4df660974dca29f284f3487c2239da92f5","9039.789105865","No"
"0xc11f45f0c65348e9d09e61eea1ec79c0d413c545","3749.647025344","No"
"0xc18d0a556bc6dca9369cc8ac0b4640bf4fa2c167","4118.074597873","No"
"0xc2498b5a44adb82e9674e0eaf97bb2bcd4834dfa","0.154380054","No"
"0xc24cd43339080cab7aa47969c81cbcfe4fb6ae29","1163.916098222","No"
"0xc24ee9ca6bacf046df7bdc4a243b69a171533bbd","875.701297533","No"
"0xc2be9e17c687541e33e8debf741234f54bc75482","323.233194821","No"
"0xc2c96bbc26bee25f066c6f195636303e3ded5ad6","769.575538375","No"
"0xc2f041743d89a6d50354115b71ff964b6a9b06f3","78.108032657","No"
"0xc32b7438b3df7844c9ee799930a2224fe6e26426","337.25063883","No"
"0xc3f1adc798ae4fecf3ef976f9f495c5c22c94251","0.104985178","No"
"0xc3fe52e38d437d6eeae8ce89c33137123b45ca44","12646.443945621","No"
"0xc405beb918f296cdfef155db18da0a1666930c86","100.001302755","No"
"0xc44abffdb232befb250bc1f69e83f7c6bc2dffe1","0.036617332","No"
"0xc4545634ef8bfcfc1f7e396ede6d16ca3512ca75","0.090125499","No"
"0xc4685f752dc5142cbf2402da85be3ef5e66eabae","1.261003739","No"
"0xc4938e93adc60389106d0eff7a91d4d4b54453b5","738.338570989","No"
"0xc559819dbb64f563ed0294315a7ab625b786131d","0.348527919","No"
"0xc58fc00860796fade2eab9e5b761f4855374cd39","4692.654749881","No"
"0xc58fcf055a1a398c4fbeee043e55bea8225bd2c9","5557.683997672","No"
"0xc66cc24d802c782a9c335c58fd552d9eb3a8a5e4","31.773348396","No"
"0xc697be0b5b82284391a878b226e2f9afc6b94710","40000.457130565","No"
"0xc6a7f15d82a1ec99093447ca023e826904a3a442","0.194952309","No"
"0xc6e4ad3ccdfc65687d2d60a454a8bddc1f4d6c06","1390.719621283","No"
"0xc6ef0e51b61ba352f3b402ca076b51f7d55e596a","0.09162131","No"
"0xc7429d38ab2197b2ab1d22685616b07f96739af0","9756.845052527","No"
"0xc797210c28330440a7acc008e0172309b72a8317","3323.271062098","No"
"0xc7f56c3561c14857daddcb5146c7813d0ebeadae","2145.451970769","No"
"0xc82250284a07849bace9a236a67252ec7a3844cf","0.002931818","No"
"0xc828e1294b2c51e24404d5fcc87147889288d2fd","1796.545073302","No"
"0xc838fea39474593adc1465b27982a6b4824313bc","1050.445509718","No"
"0xc86cea81d3c320086ce20efdec2e65d039136451","3954.287285475","No"
"0xc8b6b7548d644b2688a91fecb36f4c8e8eb6c1a1","7310.498863828","No"
"0xc8d37ce5761ac85d14f160c3aaa2d6e0bc3dc359","1154.918572614","No"
"0xc981fc4782a215dac9853b77cdd54d9f2ee07e47","207.088650603","No"
"0xca9b1442ee47083a3a2eb06853def92f30e8d70b","47369.531839882","No"
"0xcab81920134bb8a6fe2bf3760b445b741a44de5b","2245.216331669","No"
"0xcb98923e740db68a341c5c30f375a34352272321","0.094882638","No"
"0xcbfdd0cf2dbf60e79fe5cca56f9cb34fe270eff8","2816.012029822","No"
"0xcc6e2604d634051c88c8134f16169237579b4ed9","0.009051377","No"
"0xcca11a8edb05d64a654092e9551f9122d70ea80e","97.300005321","No"
"0xccaa6be265fca5e4b0122fc561309370771996eb","0.050989572","No"
"0xcd2391c14f03dff2b67946ca8bb39bc771a52d2f","297.786435917","No"
"0xcd3a39d283cc0a39c1accddb3a5baf2921a472a1","1339.213948739","No"
"0xcd3a4d2a7812664dbdbfbc8d1c6f9465e1ded9f6","421.805908136","No"
"0xcd7d24f9dfd25cc2ed7555370581a48c4eb69ec6","9060.891667154","No"
"0xcd8dfde5c0af50e7a904251e7c5f6c31f699303e","1785.582327738","No"
"0xcdb03d8426cc70f7a3d29bea1d9d6334840bb7a9","843.252288706","No"
"0xcdf1eaa34457a85c50f69900cda52630426fca75","42.58728954","No"
"0xce3fdeec3b0b5157b32b8db453f7a6f4dc597f9a","2189.252694029","No"
"0xcece8b3101a2bad3e6d4de2577cb094c326f50ef","13298.870793679","No"
"0xcf1d94c4ea094d529809922b1883e82e92d1ef44","340.550065188","No"
"0xcf4438b7f666684add9737cfa7562c2b2e1b861d","1718.72432827","No"
"0xcf9dfb1a6c84c1817257326485d81f270fc208ed","6435.215825643","No"
"0xcfa6906e0c54e7d88bce9acfd3a8b599ba540dfa","1866446.85637318","No"
"0xcfc06a635dfe08abc9fa5a5d7df14d1e7a439b38","140.674249709","No"
"0xcffa182cd56e854c9ffacd288ca8e06a51831c28","0.028659387","No"
"0xd09d42e00c55a7e4d24ff55ccd812a2cf0ae4ef3","946.161161094","No"
"0xd0b4e9b22e0c0fc986f35a9a2434c4f4afd55e9e","21071.129371476","No"
"0xd0bf3c2cdb042981ddcd983f7e8e2b8971d4569c","341.147084836","No"
"0xd0ff6bec1313296aef08ac356cd1d32345bfbd6d","900.512032262","No"
"0xd1059b5ee0d191ea826b8eee81bb6aaa41186e9f","4057.969313046","No"
"0xd11794a5d80c73e2336a823ac33eeb1ecba81779","16576.730488478","No"
"0xd210e56cb1a63ae6711e21640f03bfdb9d40ee9e","2488.90867251","No"
"0xd25cbab39deb7c620b69bd1bc76237747812453c","47.117779593","No"
"0xd267822ee21c61efcf38b8e62e0a311cf27fb289","194.600021286","No"
"0xd29c4757ee68456f7f296a5b9b6db318842fdd9c","159.374157975","No"
"0xd2c534d40aaae8c780b6e8d4c6af313e3d768954","11964.559752637","No"
"0xd344997043752f0966409a7c032bc32d49c66bdb","5749.827910855","No"
"0xd375f6e7d5b94dc17e0aadc9f7b0bdfe59fa0ef3","0.02017185","No"
"0xd3fc3c95f4eb873d8b6bd0b35cb13263cb4d2d69","395.760654081","No"
"0xd410b8b1a6118ee886434b23dc8efef7207b6845","0.004509648","No"
"0xd427acae4dea6410fc2faf769e08913c5cd6328c","6978.461981564","No"
"0xd4477ad4fc6181710f1ff0bdd5c009254166837a","0.002075416","No"
"0xd46c10d4f93c68462a78e2d7c38cdb16d3d81495","59738.82620642","No"
"0xd491447348c474af15c40839d3e0056a80fec352","0.008321915","No"
"0xd4dfb72f718f6e1adc603ee587d84da94bd80008","895.78115872","No"
"0xd560501913611ec511d218a84b897d2fd0ec3a23","0.181965929","No"
"0xd59e87ecaa69602894f3bc496632f06501462272","0.000137755","No"
"0xd59e8ec48b5deb284aab9e3a812fa23a8650123b","0.000269508","No"
"0xd61fb49b764194fb30d3d360774692dfbd6263f2","0.065215753","No"
"0xd69124de9ee76d7c77c692f69bb01a872ba77958","2119.996142022","No"
"0xd6e44162d16d065fb5c4f6c301e06b0dee23a3df","0.63818579","No"
"0xd6ee257dc510ff6682fa54689d87ace46c8c79cf","74.722347304","No"
"0xd6fd705ee0b31a9300d3e2154bcce777270cbb6f","0.244811047","No"
"0xd71a4e0070db10d2c64a0cceea833e1bf9ec229e","0.011468932","No"
"0xd79289e8d2d35068da9e7d21e67d7353bf212f21","229.956714295","No"
"0xd7ae1182658ba4ea978796d0af8f3ccf2be28a9e","629.794378299","No"
"0xd8655066cd6d6757dd227d43bb12d8e0d9d36b7f","0.183843781","No"
"0xd8708f3a041feb7f50ecc0e7404ce0319c05946b","2033.008265946","No"
"0xd8a0d35b7f6da5d2fb28fb51df925368ab1dd8f4","0.03183296","No"
"0xd8f1bbd7a2b5e74d2965b90b06e5cc6d039c99e0","0.7112104","No"
"0xd94c2aaa2c3aa27c69f7ec8da00091badd5ce799","2300.236074855","No"
"0xd9a570e924608c0f70e24be1116ecc5e755822a9","418.522575393","No"
"0xd9fccc95e992b1a1d11f742144a56dec5f0ef81c","941.670643656","No"
"0xda346de6c6dab3255d1b8b207789caa6663e9ce5","43889.619781244","No"
"0xda5623a8aea1a1c6cfca32b76c14a4fd1ed84037","9672.115468538","No"
"0xda58d65500563404015699e3e43d8e4bb69a07b9","194.600021286","No"
"0xda7bf6d192fec483e089416c72bb5a894d0b305c","97.300032838","No"
"0xdaab06a2611095939d61300030701908af24590b","101.403390088","No"
"0xdad0e92acbc78d30c8e044c095df78ea8136c195","0.013583156","No"
"0xdb016d3722fcf9d3760f7b09cfc6ca8558ba2f4a","1168.021045806","No"
"0xdb64a9173d78bd93a0e7f2cc8028926e471a6ad1","58.627505352","No"
"0xdb8ce64d87042f41810fb8e247e2ab3c306b5575","125.710807165","No"
"0xdbcc70a2289815b04c460895f957ffcdb0ef8437","0.01378951","No"
"0xdbf72370021babafbceb05ab10f99ad275c6220a","829452.146930043","No"
"0xdc4697294b38a10c8f103d8ee19e4fefb637a77c","2546.009530332","No"
"0xdc9e7a6a086dbb784c7bd7d84b4884b0ea1f168a","307.576250027","No"
"0xdd5b52a1c4287ac0848028d3bd507c7bd2ffdf98","6027.330966561","No"
"0xdd64a85151f75eb1ccb6f95df5a3c7463419e69d","1972.799398385","No"
"0xddadff7e0c08332c982d26738979fd619caea6b6","0.022543818","No"
"0xddddc0755cd67592515cfb0c2ae4db9e9523841d","0.002739666","No"
"0xddde18814f6f48187481a30cfa6d55dba1ba3d13","1341.042561202","No"
"0xdea6603605a482d9e4d76870e37b80d6a8b61b37","0.01084395","No"
"0xdecf812cd5cfd6775be916cffc5c84a3f3885449","194.600131355","No"
"0xdf5156d8e1030ad3ca22e34aae54bc247c052adc","89.434148569","No"
"0xdf9902ceb5403094bacbb5d1e5fe56b7e10dc298","1021.131022641","No"
"0xe028f19ed99907b350831b2f7ac7cdac384b074a","0.026396292","No"
"0xe0508ff0637d95d85a3003f85975b873391e5a87","1682.241318452","No"
"0xe0a81a231f3563271e38a42b751a4c8cddeabca2","8609.053333017","No"
"0xe0fc5397667c410e547d1fdf1e41b33754719670","1593.414131119","No"
"0xe12d213da832c453c7b7b68c28fc3e8a8f7b3ae9","7333.326587009","No"
"0xe15a79d7356c11979619e8cd01add69d7ed3fc18","541.282545524","No"
"0xe1b9b2cc47d73821b85aa904093229db1c71944c","41.896418822","No"
"0xe1cda441ffa203eca692e3398f3c3346ee2b786e","1.389670283","No"
"0xe250c08821c88ca628dc5a7d1aee3cdf6d59edea","177.920570708","No"
"0xe298a311949745b7009174a9bd7c990ffe3eea5e","0.0026412","No"
"0xe2d4748b579e7d1eb724d3b317777a5285ce91c8","13073.97522731","No"
"0xe3194f331b96a057fb36d87e53e9e00a7696dbcf","12000","No"
"0xe3324cbacdc2dac1aeec60e70c831591e43da70c","5834.208950036","No"
"0xe37f3a057023fd1f937c5b791f0e2735299bd588","0.029584528","No"
"0xe3af47627add841122439d0c93264fc541ea9a13","3374.799229948","No"
"0xe3e2666e4f57c919ddf788e3a89ad4e0e4f1bfe9","621.249568988","No"
"0xe449f7b8a76c3c02b87e41f9b529f74eb8a1f3c1","5277.692301568","No"
"0xe4e70873158cb1d61c993d3abd7d5cf24da8acf3","2238.070931391","No"
"0xe5c34d2de5f73d836f3950b82c1dbd7b03850195","10464.696434245","No"
"0xe5da1092871a3a5034ae3c3d1d091bc4ea6b5ca9","8757.276661608","No"
"0xe63f404ade69a2f2e773f4cd42c612aee65821d9","0.0297503","No"
"0xe68ff5eb7632192fd889daaf0cdb5eb757fdfaab","9186.714791237","No"
"0xe6fb76695b7f3ef908dbe3fc45560b2ac0634e2f","1.805223445","No"
"0xe746f602b19c7b77240f3e06e4a98eacb3974050","0.000358241","No"
"0xe7a6adc4dc19208b7443ac89668b12b3be898728","4.736980912","No"
"0xe81f49ee584132e01011f898b352e6993d954dd5","10171.767271293","No"
"0xe85ffd517736960db67173ac8825fa927a7e1a99","0.036591488","No"
"0xe89ff17b387632796964c231c47d0f419da0fe62","5990.098537497","No"
"0xe9010f05a7895c2706b16fb2a08ce8996065b5ae","2043.605331426","No"
"0xe997c56d81382c5b1ff1063c1645a609a5cc9946","14667.944181244","No"
"0xe9a186f79a94b40ba63d8b5ba53d227a3a6dd9f3","14001.406699604","No"
"0xe9b7064bc3d5c4a4a701f7d785445ca68b32d0c2","178374.841691814","No"
"0xea0c37072d39e7f80a1dd690053e338d06ff0732","1.444204792","No"
"0xeac937f5130f5ea50fd394bf5e54e6d16cda8495","0.4109176","No"
"0xeacb384b817bf85439b7149cbed6c775dc4ddfe8","9194.009363411","No"
"0xead9520b254b73cd7eacae6dd51fd4ce8f12b8c1","2067.447229993","No"
"0xeb37ccb23aa6d38161033ffbb7422d8a7e38c0f7","4348.543302991","No"
"0xec1433e08683dd2bcf30b73fe757d1f1edf52c0e","178.474553691","No"
"0xed66ce7eee03790056ca5ba5ee61bc4f77ba2ded","863.008195991","No"
"0xee01edf47fa564968651945fe9a9bfec94222594","620.450791064","No"
"0xee26252104394dbaed913270f8dd883fdb3e49f5","6101.771789116","No"
"0xee4a69d674c03a4b80ccf52c4427871458f2c79d","16110.568421","No"
"0xeef9d33b39e8daa08b4991482f8b81aebc304474","10.035550735","No"
"0xef13e4955503f68cc020988eec7495b99bc8693c","0.052118164","No"
"0xef592f0cc7f8ba76f181ccff0c1b5754ec3b0657","4195.93610194","No"
"0xef6cf8b34d878eedb76c29d68da344e3f4d337ac","360.668185831","No"
"0xef7c25087491367f707689f17f827e4686498d45","0.006087923","No"
"0xefa9d93235082d87fa2a17fe226f01deac6856d7","0.07869533","No"
"0xefacb3fb194d5e80e569b3ac50669cf22e48f63b","0.022886143","No"
"0xefc963e6b8423faa918ee52f1f9ab4712293f800","1021.682237883","No"
"0xeffd245532f209dbbd8e51e16d2063e20da55e9c","34032.408386182","No"
"0xf0478c748428f35ab13a965bb76a170a6359b00b","0.004296328","No"
"0xf0d65bf0e78d7513c64e7dc74b7544bd8950df01","0.002453759","No"
"0xf106a338df15b542d127e63156d9989dcb667240","0.035515984","No"
"0xf19d62595f18c02b8c038c405393a0be2106d173","74.737750982","No"
"0xf1ff94f30b87afe735bcbbe20779cb754c6b5ac0","3696.643754871","No"
"0xf29f3f2c60bbef12c91c3be2bd6ba523f9d5157b","1638.511230056","No"
"0xf319615938676e0559d808ab11719f05a6f311e8","0.757607983","No"
"0xf31ede2694bf39b4f2664840a8d0a76da1649846","5815.613324755","No"
"0xf330478fc27dc89bf1405cbc398fdc67dde4d936","32611.168889121","No"
"0xf35825365b49d0ff2c76ad90a68bd8b64e992149","299.474863605","No"
"0xf3713b90cf982ba3f006437b29c7aded7c3f123a","25633.541995317","No"
"0xf3beda3d4ba852c71ab7c1594ad5ae5b91afd50d","6690.023487609","No"
"0xf422c173264dcd512e3cee0db4acb568707c0b8d","11673.823987689","No"
"0xf425d9805b8c36fc1b6a8657032de82e9f3fc810","3246.897863057","No"
"0xf48a881832132324f33550eaf3177f3e92908f3c","0.036986265","No"
"0xf4ac71fefe98016bcf25ddf4c08cf4885e465a04","304.37099773","No"
"0xf512147180ebf2273636eb2a8547424f90410d51","19572.702360367","No"
"0xf52bc860b49f0474dbf55ffac21079cac436ee0d","319.208628103","No"
"0xf55a708ebf7f1c5a75217a14d6bddc1d20a0ec99","6484.512814413","No"
"0xf57d86f6bfcc76aa2c7f62616b2436c60ad397e2","7092.889261606","No"
"0xf5d54df91910d01949b0a494e0ff3427fb144020","0.013372845","No"
"0xf613098ce5cd8fce79466780a066310a9fbde8b3","428.120103024","No"
"0xf630b88677b5522dcadc13932e63adc3d1333e76","854.810965881","No"
"0xf63e0850a8bf88c2c5be5341e6bf9937525f4669","21462.946512381","No"
"0xf66bd1f4465744279c139b2c661d173c0c324ced","0.0310336","No"
"0xf6c0cb402d7fc60b29d7a4943e05ca5f329c5ee1","6576.725775995","No"
"0xf75eaabf5dfa1030eeba7360b1069a5e0c5a1a1b","408.661125868","No"
"0xf7cbc909f845e249f0fb13a71dd960986b51bbad","27162.166831607","No"
"0xf930b0a0500d8f53b2e7efa4f7bcb5cc0c71067e","0.011419089","No"
"0xf97b36304d13d6e28e7db8f8f3c9e0e960802b9e","19809.057760652","No"
"0xf9de6c1b272b294565a6cde15b324f52719de338","0.523830103","No"
"0xfa0ab6d1df1e6f7b7e53307bfa1c4d8ef057abe8","1148.099847375","No"
"0xfa53494bce0f7b2fc0f8486edfb5428d27050e85","4004.124906522","No"
"0xfaaaf517dadcc1a933c5ebac6e7b594e5ed2157d","1542.695061406","No"
"0xfaf6a8973e5a16d5b722b1d3b9a5613a627af974","746.52251391","No"
"0xfba0a9b723c076bbedb353cee5073346913eb7de","0.00311252","No"
"0xfbe7b75572fcc4166af9dfc9ae4abdcf7cc92e63","525.872443435","No"
"0xfc03750e44a39e94e9a439c06bc1be93eba040e5","2745.022044476","No"
"0xfc3f86680da99427c8138a9cf5a573974ea8ad01","830.387388055","No"
"0xfc6e0bfa16aa2282ac87b27a8987d31c1bfb64b0","472.84741085","No"
"0xfcd85a710b822b9e935b706da3aad96f53b51313","4967.036748176","No"
"0xfd503d39d5350acf5e6304f724cdc5084812f6da","5424.674549182","No"
"0xfd5074cb57c63e7a94638ebcd0b0802764808937","881.5638164","No"
"0xfd508e21d54b7607188e611a4158b99ec626895c","0.052378183","No"
"0xfe0a76ec0fce9f0458863c12b2dcfec156e935c8","804.633776517","No"
"0xfe6ec396849924e9599143aa5a5e2a6f78710a17","0.026123581","No"
"0xfe993d34f9c54e5375475501a00b6d7261639077","166.566149253","No"
"0xff10b9e7368a1c9f7cc84d272adbcaf7500e3ccc","486.500640815","No"
"0xff275c5ec7973594277e87d872c9c4248191c7c1","5.4808E-05","No"
"0xffa41cf9743b075a28fd3dd4194593842e844e68","9132.52094351","No"
"0xffb3ad2b555da15eb45cfdc76c43932262f18e68","7311.592659922","No"
"0xffedcdac8ba51be3101607fab1b44462c3015fb0","1200","No"
